Client_ID,Client_Name,Client_Address,Contract_ID,COR,DOB
siWgNZ,Norma Fisher,"Unit 1113 Box 3060
DPO AE 52118",2yW4Ac,Spain,1986-05-16
q6ITZM,Jorge Sullivan,"7936 Micheal Green Apt. 635
North Lynntown, MH 69420",2yW4Ac,Spain,1992-11-30
5jtgUe,Elizabeth Woods,"76430 Cindy Cove
South Nicholas, ND 20336",L56nGi,Spain,1976-05-25
52RvEJ,Susan Wagner,"96687 Bass Parks Apt. 893
West Janicemouth, GU 42683",L56nGi,UK,1996-12-14
gwBuNO,Peter Montgomery,"9269 Robbins Valley
Jonesland, NC 05667",2yW4Ac,Russia,1942-05-06
6n9JEC,Theodore Mcgrath,"40752 Misty Mount
Williamhaven, NY 04907",Y1t9Ew,Spain,1953-02-17
3HqdZ6,Stephanie Collins,"634 Petersen Orchard
Lawsonbury, PR 03185",Y1t9Ew,Spain,1963-02-04
J6afU1,Stephanie Sutton,"248 Cook Park
Sherriport, WI 53987",2yW4Ac,Spain,1948-08-08
zT0YQO,Brian Hamilton,"22345 Sheri Orchard Suite 279
Lake Hollystad, MT 05112",2yW4Ac,Spain,1954-05-20
aNF03v,Susan Levy,"0172 Antonio River Apt. 518
Jamesfort, DE 08386",L56nGi,China,1986-10-24
pUuT3e,Sean Green,"519 Kramer Crossroad Suite 418
North Kimberly, NV 49204",2yW4Ac,Spain,1996-04-25
m6KopZ,Kimberly Smith,"1007 Santana Pike Apt. 318
Hunterville, FL 56333",q9GFz6,Spain,2006-10-04
9jZICf,Jennifer Summers,"16116 Jessica Burgs Suite 660
Calhounmouth, VA 33607",Y1t9Ew,Spain,1961-10-07
fu4G7F,April Snyder,"50552 Maria Fort
Chadberg, IL 00924",2yW4Ac,Colombia,1983-04-02
gtJsTh,Dana Nguyen,"045 Sarah Fort
East Shawn, NJ 45648",2yW4Ac,Spain,1939-07-11
Jv07In,Cheryl Bradley,"03557 Phillips Wells Suite 291
New Beverlyburgh, MS 19758",L56nGi,Brazil,1936-01-29
9ZMJLs,Walter Pratt,"USNS Stewart
FPO AE 31520",q9GFz6,Russia,1988-06-16
CfMZyu,Bobby Flores,"6029 Phillip Squares Apt. 264
Yangberg, OR 55838",L56nGi,Spain,1961-05-26
Kpslm0,Tasha Rodriguez,"37580 Ortiz Mall Suite 735
Stephanieland, HI 14737",2yW4Ac,Spain,1945-02-06
lcNQqE,Michelle Kelley,"762 Reynolds Gateway
Petersonhaven, FL 47079",Y1t9Ew,Spain,1989-04-20
efRWi4,Kimberly Maynard,"3407 Smith Hills
Port Tiffanyport, ND 80344",q9GFz6,Spain,2012-11-12
j7c1f5,Laurie Wallace,"73864 David Skyway Apt. 046
Wallaceview, MI 37646",q9GFz6,Spain,2010-09-15
S71IRz,Janice Johnston,"101 Torres Junctions
New Micheleburgh, CA 54873",q9GFz6,Spain,1989-03-04
1THrHZ,Collin Lopez,"298 Amanda Loop Suite 447
Ashleyberg, GA 16661",L56nGi,China,2006-10-16
p2n5RL,Mary Alvarez,"9728 Gomez Mountains Suite 377
Trevorton, NV 39846",2yW4Ac,Spain,1961-10-29
08ALrC,Peter Mcdowell,"93057 Oneal Branch Apt. 160
Blaketown, KY 84436",2yW4Ac,Spain,1933-09-29
FQPS6Y,Sarah Villanueva,"94316 Moran Lights
West Robert, MH 90609",2yW4Ac,Spain,1951-09-29
wfuNhF,Kimberly Myers,"285 Jason Ferry Suite 566
Pricebury, WY 26216",q9GFz6,Spain,2005-06-06
LOv2mp,Desiree Cain,"060 Cynthia Ways
West Brian, SC 89301",q9GFz6,Spain,1999-10-31
bUrhTo,Stephanie Lawrence,"184 Jenkins Center Suite 977
Janetborough, MA 35349",Y1t9Ew,Spain,1975-03-10
xYkvB0,Lauren Hayes,"50402 Kristin Springs
New Randy, PW 29464",q9GFz6,Spain,1984-12-02
dgYj2S,Whitney Stark,"191 Morris Motorway Suite 408
East Miguelborough, VI 69250",2yW4Ac,Spain,2007-03-18
oc0KO6,Angela Salazar,"4486 Olson Well
North Kevin, OH 09982",2yW4Ac,Spain,2006-04-18
7IMReb,Mr. Ryan Sanchez,"706 Stevens Crest Apt. 131
South Nicole, IL 58256",q9GFz6,Spain,1942-03-04
hOmM1K,Autumn Robinson,"602 Tracy Crossroad Suite 556
New Rachelside, WY 26870",Y1t9Ew,China,1943-11-02
hzfx1h,Faith Cabrera,"978 Nelson Brook Apt. 912
Wrightport, FM 96980",q9GFz6,Spain,2015-07-03
cMbm9l,Charles Wolfe,"Unit 0886 Box 0164
DPO AE 97138",q9GFz6,Spain,2000-03-30
ThEnUZ,Kenneth Kent,"843 Calvin Inlet
Jesusfort, LA 76792",L56nGi,Spain,1935-04-07
d7RbIB,Melanie Johnson,"855 Lisa Wells
Mooreburgh, NY 10522",q9GFz6,Spain,1960-12-09
Ng1qeo,Lisa Johnston,"9332 Kathleen Knoll
Lake Vernon, PW 14658",2yW4Ac,Spain,1990-04-03
ePtwBl,Jacob Hooper,"957 Parker Forges
Lake Natasha, AS 97149",2yW4Ac,Spain,2017-02-26
dGDcMg,Alex Woodward,"142 Warner View Suite 460
North Leslie, WA 33217",2yW4Ac,Spain,1982-03-07
Szmqw5,Caleb Clark,"345 Kevin Knolls Apt. 250
Burtontown, IA 06394",L56nGi,Spain,1975-08-28
UE156K,Taylor Johnson,"05623 Graham Knolls Suite 256
Smithview, ND 70144",L56nGi,Spain,1944-07-29
kSRn9X,Brian Green,"91662 Vincent Road Apt. 153
East Sonya, AS 22631",q9GFz6,Spain,1936-05-06
dYRk2k,Matthew Bell,"169 Christine Mount
New Carolyn, KS 45098",Y1t9Ew,Spain,1965-09-22
vHqhM6,Jonathan Williams,"07154 Stephen Parkways Suite 265
Lindafurt, AL 41233",q9GFz6,Spain,2016-09-23
CQlaER,William Gonzalez,"708 Villa Camp Suite 616
Tylertown, KY 97488",L56nGi,Spain,1936-12-23
A5K3G6,Nicholas Massey,"Unit 4943 Box 8856
DPO AA 27891",q9GFz6,Russia,2013-03-12
tPwy1Q,Caroline Chambers,"98522 Mathis Viaduct Apt. 909
West Michael, SC 38960",L56nGi,Spain,2002-12-14
qjJSaD,Amy Lowe,"620 Ashley Mills Apt. 507
Julieborough, CA 72443",2yW4Ac,Spain,1983-03-15
VfvVcI,Gloria King,"USNV Dodson
FPO AE 69907",2yW4Ac,Spain,1954-01-21
ripW9E,Jessica Thompson,"188 Fischer Grove
Justinchester, WI 94599",L56nGi,Spain,1996-07-27
wNsRwL,Jason Carroll,"885 Lee Tunnel Suite 208
Port Donna, WY 74331",q9GFz6,Spain,1968-05-07
85O2Ni,Emily Howard,"86930 Rice Estate Apt. 570
New Patricia, KY 24767",Y1t9Ew,Spain,1948-03-06
TtyVA1,Danielle Castro,"USCGC Miller
FPO AA 31530",2yW4Ac,Spain,2013-12-16
PfaMmS,Patrick Rogers,"132 Mclean Meadow Suite 446
Chelsealand, ME 04450",Y1t9Ew,Spain,1994-01-15
vkpoOC,Douglas Allen,"66660 Gomez Port Apt. 945
South Thomashaven, DC 05951",L56nGi,Spain,1971-01-30
yT4RK3,Heather Roberts,"0131 Williams Ville Apt. 562
Richardberg, PA 19832",L56nGi,Spain,1963-01-22
Acz3SK,Travis Schultz,"022 Renee Squares Apt. 808
Herringstad, AS 77293",Y1t9Ew,Spain,1985-04-08
AXQTck,Michelle Hughes,"243 Murphy Station
Kimberlyhaven, NH 20843",L56nGi,Spain,1985-06-14
CeqSkC,Matthew Smith,"209 Darlene Bypass Suite 137
Port Stephen, GA 93500",q9GFz6,Spain,2002-02-27
H4F6JM,George Allen,"8081 Smith Trail
North Ronaldstad, OK 59690",q9GFz6,Colombia,1979-06-05
Wa4cFu,Jamie Hutchinson,"512 Schaefer Falls Apt. 059
North Robert, AR 92099",q9GFz6,Spain,1964-04-03
t1DdZ0,Jennifer Morales,"92516 Scott Rapids Suite 497
Whitemouth, AS 35123",L56nGi,Colombia,2013-07-06
4ZAmJ9,Jennifer Bates,"51105 Gregory Ridges Apt. 578
Alvarezton, ND 53183",Y1t9Ew,Spain,1969-02-04
Of1Uia,Jeremy Green,"81155 Thomas Bypass Apt. 840
South Matthewside, UT 19753",2yW4Ac,Russia,1945-04-17
z8RAua,Joseph Freeman,"395 Timothy Road
Williamsbury, SC 37407",2yW4Ac,Spain,1939-03-04
naTWa0,Nicole Henson,"3267 Walter Dam
Cunninghamtown, GA 77001",q9GFz6,Russia,1954-04-01
RHNgmh,Eric Owens PhD,"220 Madison Pass Apt. 001
Port Eric, WY 50291",2yW4Ac,Spain,1976-02-16
MPm3tr,Robin Lopez,"9532 Dixon Place Suite 126
Tammychester, MH 57653",L56nGi,Spain,2012-09-08
SlgE27,Miss Angela Swanson DVM,"63769 Mary Harbor Suite 809
Mcdowellview, AZ 80581",Y1t9Ew,Spain,2009-11-18
zOfbr6,Michael Stewart,"180 Jennifer Burg Suite 661
Munozburgh, GA 45130",L56nGi,Spain,1999-03-13
CZYh3q,Mitchell Smith,"481 Reed Road
Katiehaven, WV 07566",L56nGi,Spain,1941-10-18
iPH0PP,Kelsey Davis,"95460 Arnold Bypass Suite 463
Dennisville, RI 47288",Y1t9Ew,Spain,2004-12-12
wh3jr2,Matthew Russo,"671 Kimberly Plains Apt. 223
East Anthony, DC 65125",2yW4Ac,Spain,1998-06-08
bccnRq,William Garcia,"516 Nolan Junctions Suite 826
Jimmyfurt, MI 51653",Y1t9Ew,Spain,1992-05-06
Ju8x8K,Jennifer Miller,"USNV Oconnell
FPO AA 13308",L56nGi,Spain,1976-08-28
62c2V9,Jesse Sparks,"09981 Caitlin Rapids
West Haleyburgh, MS 11691",Y1t9Ew,Spain,1985-08-26
SMPFTP,Brandi Meyer,"57517 Silva Glen
Burnettbury, GA 74116",Y1t9Ew,Spain,1936-06-27
5DOBx3,Hannah Wiggins,"202 Franklin Fords
Ericksonfurt, KS 03275",q9GFz6,Spain,1949-01-19
IlnyLs,Albert Williams,"79061 Cook Parkways Suite 079
West Marissafort, OH 85040",q9GFz6,Spain,1992-04-13
aijrvv,Kristin Potts,"38524 Stephen Cliff Suite 696
West Timothyville, LA 18991",L56nGi,Spain,2015-10-25
YxTfvX,Susan Williams,"02983 Antonio Lodge
Kleinville, NJ 73841",L56nGi,Spain,1951-05-13
Nccrkj,Meredith Rios,"03374 Walker Park Suite 851
West Ashleybury, WA 48669",2yW4Ac,Spain,1952-06-21
LsxzJi,Stephanie Bowman,"USNS Hall
FPO AE 97807",L56nGi,China,1937-06-02
shEUp7,Joshua Clark,"6921 Kelly Ways Suite 355
Ramirezfurt, WI 94134",2yW4Ac,Spain,1949-05-13
dtl2HU,Alexa Hernandez,"Unit 1741 Box 7253
DPO AP 25003",2yW4Ac,Spain,1991-09-04
etz1vt,Richard Higgins,"USNV Porter
FPO AE 89774",Y1t9Ew,Spain,1966-12-02
AggJ6E,Marc Williams,"8799 Emma Parkway Suite 735
North Thomasfurt, MH 30303",Y1t9Ew,Spain,1937-07-05
Ev1ZZv,William Roberts,"90614 Jessica Fall Apt. 250
North Alan, ND 01091",L56nGi,Spain,1970-03-14
hEhSFB,Joshua Carter,"73089 Jones Fall
East Sarah, MS 62718",q9GFz6,Spain,1969-02-18
ctvVR5,David Williams,"60940 Padilla Views Suite 729
West Sierraville, KY 03663",q9GFz6,Spain,1985-06-26
j6kOKy,Joseph Jones,"3953 Romero Crest
Lake Rhondaville, NY 59180",2yW4Ac,Spain,1948-11-22
ZOfeZf,Gary Perry,"526 Bennett Port Suite 373
Timothychester, AK 59090",L56nGi,Colombia,1979-12-23
mVodya,Terry Wells,"673 Allen Neck
Thomasmouth, LA 47683",2yW4Ac,Spain,1972-11-14
gzJHsC,Vanessa Cooper,"134 Sophia Drives
Benjaminburgh, WI 61921",Y1t9Ew,Spain,1984-01-18
6FYLTR,Michael Simmons,"7326 Kristin Unions
Pamhaven, ID 95387",L56nGi,Spain,2017-01-16
nBfxoq,Nicholas Kline,"97939 Johnson Oval Suite 830
North Dennismouth, VI 88870",L56nGi,Spain,1958-12-24
LXkBmw,Lori Bennett,"645 Jennings Estates
Angelastad, VT 57929",q9GFz6,Russia,2006-11-28
